{"cameraMode":{"drawMode":0,"name":"Shaded","section":"Shading Mode"},"sceneLighting":false,"audioPlay":false,"sceneViewState":{"showFog":true,"showMaterialUpdate":false,"showSkybox":false,"showFlares":true,"showImageEffects":true,"showParticleSystems":true},"in2DMode":false,"pivot":{"x":-2.390000104904175,"y":-0.08683633804321289,"z":0.7404045462608337},"rotation":{"x":-0.009214980527758599,"y":-0.9755903482437134,"z":0.041281819343566897,"w":-0.2156229466199875},"size":2.6187593936920168,"orthographic":false}