{"cameraMode":{"drawMode":0,"name":"Shaded","section":"Shading Mode"},"sceneLighting":false,"audioPlay":false,"sceneViewState":{"showFog":true,"showMaterialUpdate":false,"showSkybox":false,"showFlares":true,"showImageEffects":true,"showParticleSystems":true},"in2DMode":false,"pivot":{"x":0.8110427856445313,"y":1.8100545406341553,"z":-2.962238311767578},"rotation":{"x":0.17657844722270966,"y":-0.43119919300079348,"z":0.08743002265691757,"w":0.8806154727935791},"size":32.105403900146487,"orthographic":false}