{"cameraMode":{"drawMode":0,"name":"Shaded","section":"Shading Mode"},"sceneLighting":true,"audioPlay":false,"sceneViewState":{"showFog":true,"showMaterialUpdate":false,"showSkybox":true,"showFlares":true,"showImageEffects":true,"showParticleSystems":true},"in2DMode":false,"pivot":{"x":-11.307291984558106,"y":-6.540456295013428,"z":-2.0927655696868898},"rotation":{"x":0.16633805632591248,"y":-0.7807196378707886,"z":0.23414449393749238,"w":0.5550114512443543},"size":22.0,"orthographic":false}