{"cameraMode":{"drawMode":0,"name":"Shaded","section":"Shading Mode"},"sceneLighting":true,"audioPlay":false,"sceneViewState":{"showFog":true,"showMaterialUpdate":false,"showSkybox":true,"showFlares":true,"showImageEffects":true,"showParticleSystems":true},"in2DMode":false,"pivot":{"x":439.2918701171875,"y":265.62451171875,"z":212.47332763671876},"rotation":{"x":-0.0011908672749996186,"y":0.0008604568429291248,"z":0.00012578045425470918,"w":1.0000425577163697},"size":778.4109497070313,"orthographic":false}