{"cameraMode":{"drawMode":0,"name":"Shaded","section":"Shading Mode"},"sceneLighting":true,"audioPlay":false,"sceneViewState":{"showFog":true,"showMaterialUpdate":false,"showSkybox":true,"showFlares":true,"showImageEffects":true,"showParticleSystems":true},"in2DMode":false,"pivot":{"x":4.743985176086426,"y":2.669452667236328,"z":-4.9404120445251469},"rotation":{"x":0.21197549998760224,"y":-0.3409673273563385,"z":0.07934892922639847,"w":0.9124651551246643},"size":7.69335412979126,"orthographic":false}