{"cameraMode":{"drawMode":0,"name":"Shaded","section":"Shading Mode"},"sceneLighting":false,"audioPlay":false,"sceneViewState":{"showFog":true,"showMaterialUpdate":false,"showSkybox":false,"showFlares":true,"showImageEffects":true,"showParticleSystems":true},"in2DMode":false,"pivot":{"x":0.6191306114196777,"y":1.6502182483673096,"z":3.443542957305908},"rotation":{"x":0.0698055699467659,"y":-0.09588531404733658,"z":-0.006799659226089716,"w":-0.9929599761962891},"size":4.209689617156982,"orthographic":false}