{"cameraMode":{"drawMode":0,"name":"Shaded","section":"Shading Mode"},"sceneLighting":false,"audioPlay":false,"sceneViewState":{"showFog":true,"showMaterialUpdate":false,"showSkybox":false,"showFlares":true,"showImageEffects":true,"showParticleSystems":true},"in2DMode":false,"pivot":{"x":-2.0553314685821535,"y":2.0246944427490236,"z":0.740404486656189},"rotation":{"x":0.04137423262000084,"y":0.7268929481506348,"z":-0.043831486254930499,"w":0.6841465830802918},"size":4.106441497802734,"orthographic":false}