{"cameraMode":{"drawMode":0,"name":"Shaded","section":"Shading Mode"},"sceneLighting":false,"audioPlay":false,"sceneViewState":{"showFog":true,"showMaterialUpdate":false,"showSkybox":false,"showFlares":true,"showImageEffects":true,"showParticleSystems":true},"in2DMode":false,"pivot":{"x":36.90650177001953,"y":5.545000076293945,"z":7.483500003814697},"rotation":{"x":0.021296301856637,"y":-0.031807899475097659,"z":0.0006996513693593442,"w":0.9992986917495728},"size":2.94801664352417,"orthographic":false}