{"cameraMode":{"drawMode":0,"name":"Shaded","section":"Shading Mode"},"sceneLighting":false,"audioPlay":false,"sceneViewState":{"showFog":true,"showMaterialUpdate":false,"showSkybox":false,"showFlares":true,"showImageEffects":true,"showParticleSystems":true},"in2DMode":false,"pivot":{"x":17.937015533447267,"y":22.435508728027345,"z":-50.3330192565918},"rotation":{"x":-0.08744173496961594,"y":-0.16713453829288484,"z":0.014857747592031956,"w":-0.9819616675376892},"size":19.326757431030275,"orthographic":false}