{"cameraMode":{"drawMode":0,"name":"Shaded","section":"Shading Mode"},"sceneLighting":false,"audioPlay":false,"sceneViewState":{"showFog":true,"showMaterialUpdate":false,"showSkybox":false,"showFlares":true,"showImageEffects":true,"showParticleSystems":true},"in2DMode":false,"pivot":{"x":-0.5982987284660339,"y":0.5593581795692444,"z":-0.051313985139131549},"rotation":{"x":0.15682940185070039,"y":-0.5905982255935669,"z":0.12148065119981766,"w":0.7832457423210144},"size":5.236589431762695,"orthographic":false}