{"cameraMode":{"drawMode":0,"name":"Shaded","section":"Shading Mode"},"sceneLighting":false,"audioPlay":false,"sceneViewState":{"showFog":true,"showMaterialUpdate":false,"showSkybox":false,"showFlares":true,"showImageEffects":true,"showParticleSystems":true},"in2DMode":false,"pivot":{"x":0.6205057501792908,"y":18.014419555664064,"z":33.71543884277344},"rotation":{"x":-0.12367509305477143,"y":-0.7841479778289795,"z":0.15075650811195374,"w":-0.5906479358673096},"size":11.000616073608399,"orthographic":false}