{"cameraMode":{"drawMode":0,"name":"Shaded","section":"Shading Mode"},"sceneLighting":true,"audioPlay":false,"sceneViewState":{"showFog":true,"showMaterialUpdate":false,"showSkybox":false,"showFlares":true,"showImageEffects":true,"showParticleSystems":true},"in2DMode":false,"pivot":{"x":28.928081512451173,"y":13.602155685424805,"z":12.464456558227539},"rotation":{"x":-0.009586000815033913,"y":0.0852046087384224,"z":-0.004512531217187643,"w":-0.9973036646842957},"size":3.486304759979248,"orthographic":false}