{"cameraMode":{"drawMode":0,"name":"Shaded","section":"Shading Mode"},"sceneLighting":true,"audioPlay":false,"sceneViewState":{"showFog":true,"showMaterialUpdate":false,"showSkybox":true,"showFlares":true,"showImageEffects":true,"showParticleSystems":true},"in2DMode":false,"pivot":{"x":30.926115036010743,"y":9.404667854309082,"z":20.8654727935791},"rotation":{"x":0.32238349318504336,"y":0.031651128083467486,"z":-0.0069660828448832039,"w":0.9472473859786987},"size":23.119232177734376,"orthographic":false}