{"cameraMode":{"drawMode":0,"name":"Shaded","section":"Shading Mode"},"sceneLighting":true,"audioPlay":false,"sceneViewState":{"showFog":true,"showMaterialUpdate":false,"showSkybox":false,"showFlares":true,"showImageEffects":true,"showParticleSystems":true},"in2DMode":false,"pivot":{"x":-0.01651647686958313,"y":3.6949381828308107,"z":0.026966184377670289},"rotation":{"x":-0.1497678905725479,"y":0.8457843065261841,"z":-0.3477770984172821,"w":-0.37840181589126589},"size":8.695198059082032,"orthographic":false}