{"cameraMode":{"drawMode":0,"name":"Shaded","section":"Shading Mode"},"sceneLighting":false,"audioPlay":false,"sceneViewState":{"showFog":true,"showMaterialUpdate":false,"showSkybox":false,"showFlares":true,"showImageEffects":true,"showParticleSystems":true},"in2DMode":false,"pivot":{"x":-1.5980063676834107,"y":-0.13530467450618745,"z":1.4462065696716309},"rotation":{"x":0.20722271502017976,"y":-0.22910325229167939,"z":0.04998057335615158,"w":0.9497950077056885},"size":5.399957656860352,"orthographic":false}