{"cameraMode":{"drawMode":0,"name":"Shaded","section":"Shading Mode"},"sceneLighting":true,"audioPlay":false,"sceneViewState":{"showFog":true,"showMaterialUpdate":false,"showSkybox":true,"showFlares":true,"showImageEffects":true,"showParticleSystems":true},"in2DMode":false,"pivot":{"x":12.215080261230469,"y":27.67010498046875,"z":-6.475011825561523},"rotation":{"x":0.22236552834510804,"y":0.3182879686355591,"z":-0.07037641108036041,"w":0.9193544983863831},"size":104.99565124511719,"orthographic":false}