{"cameraMode":{"drawMode":0,"name":"Shaded","section":"Shading Mode"},"sceneLighting":true,"audioPlay":false,"sceneViewState":{"showFog":true,"showMaterialUpdate":false,"showSkybox":false,"showFlares":true,"showImageEffects":true,"showParticleSystems":true},"in2DMode":false,"pivot":{"x":44.015132904052737,"y":10.75259017944336,"z":7.097487449645996},"rotation":{"x":0.1337651014328003,"y":0.3816579282283783,"z":-0.055935297161340716,"w":0.912877082824707},"size":8.236695289611817,"orthographic":false}