{"cameraMode":{"drawMode":0,"name":"Shaded","section":"Shading Mode"},"sceneLighting":false,"audioPlay":false,"sceneViewState":{"showFog":true,"showMaterialUpdate":false,"showSkybox":false,"showFlares":true,"showImageEffects":true,"showParticleSystems":true},"in2DMode":false,"pivot":{"x":-8.93712043762207,"y":-14.35714054107666,"z":12.870250701904297},"rotation":{"x":-0.3888697624206543,"y":0.43347981572151186,"z":-0.2159118354320526,"w":-0.7840780019760132},"size":31.018577575683595,"orthographic":false}