{"cameraMode":{"drawMode":0,"name":"Shaded","section":"Shading Mode"},"sceneLighting":false,"audioPlay":false,"sceneViewState":{"showFog":true,"showMaterialUpdate":false,"showSkybox":false,"showFlares":true,"showImageEffects":true,"showParticleSystems":true},"in2DMode":false,"pivot":{"x":-0.1868078112602234,"y":0.5366636514663696,"z":-1.3634486198425294},"rotation":{"x":-0.3407629430294037,"y":-0.6304985284805298,"z":0.6035674810409546,"w":-0.3517031967639923},"size":2.8365888595581056,"orthographic":false}