{"cameraMode":{"drawMode":0,"name":"Shaded","section":"Shading Mode"},"sceneLighting":true,"audioPlay":false,"sceneViewState":{"showFog":true,"showMaterialUpdate":false,"showSkybox":true,"showFlares":true,"showImageEffects":true,"showParticleSystems":true},"in2DMode":false,"pivot":{"x":36.68658447265625,"y":20.797569274902345,"z":10.367240905761719},"rotation":{"x":0.17357538640499116,"y":0.6096026301383972,"z":-0.13291168212890626,"w":0.7627584934234619},"size":62.79167938232422,"orthographic":false}