{"cameraMode":{"drawMode":0,"name":"Shaded","section":"Shading Mode"},"sceneLighting":true,"audioPlay":false,"sceneViewState":{"showFog":true,"showMaterialUpdate":false,"showSkybox":false,"showFlares":true,"showImageEffects":true,"showParticleSystems":true},"in2DMode":false,"pivot":{"x":-1.0560259819030762,"y":0.08279085159301758,"z":0.8421647548675537},"rotation":{"x":-0.27978283166885378,"y":-0.5025579929351807,"z":0.1713867336511612,"w":-0.8011539578437805},"size":8.116390228271485,"orthographic":false}