{"cameraMode":{"drawMode":0,"name":"Shaded","section":"Shading Mode"},"sceneLighting":false,"audioPlay":false,"sceneViewState":{"showFog":true,"showMaterialUpdate":false,"showSkybox":false,"showFlares":true,"showImageEffects":true,"showParticleSystems":true},"in2DMode":false,"pivot":{"x":0.3600001335144043,"y":0.0,"z":-10.149999618530274},"rotation":{"x":0.09620808809995651,"y":0.8937164545059204,"z":-0.22884579002857209,"w":0.37432408332824709},"size":14.289420127868653,"orthographic":false}