{"cameraMode":{"drawMode":0,"name":"Shaded","section":"Shading Mode"},"sceneLighting":false,"audioPlay":false,"sceneViewState":{"showFog":true,"showMaterialUpdate":false,"showSkybox":false,"showFlares":true,"showImageEffects":true,"showParticleSystems":true},"in2DMode":false,"pivot":{"x":-0.000882372260093689,"y":0.14834141731262208,"z":-0.0001687183976173401},"rotation":{"x":-0.2272782027721405,"y":0.3406050205230713,"z":-0.08810486644506455,"w":-0.9089531898498535},"size":4.495888710021973,"orthographic":false}