{"cameraMode":{"drawMode":0,"name":"Shaded","section":"Shading Mode"},"sceneLighting":false,"audioPlay":false,"sceneViewState":{"showFog":true,"showMaterialUpdate":false,"showSkybox":false,"showFlares":true,"showImageEffects":true,"showParticleSystems":true},"in2DMode":false,"pivot":{"x":28.59000015258789,"y":13.589128494262696,"z":13.00999927520752},"rotation":{"x":-0.10881805419921875,"y":-0.3010983467102051,"z":0.031566593796014789,"w":-0.9476460218429565},"size":9.717989921569825,"orthographic":false}