{"cameraMode":{"drawMode":0,"name":"Shaded","section":"Shading Mode"},"sceneLighting":true,"audioPlay":false,"sceneViewState":{"showFog":true,"showMaterialUpdate":false,"showSkybox":true,"showFlares":true,"showImageEffects":true,"showParticleSystems":true},"in2DMode":false,"pivot":{"x":36.6870002746582,"y":9.5,"z":10.367240905761719},"rotation":{"x":0.006167299579828978,"y":1.0001007318496705,"z":-0.017225056886672975,"w":0.037272751331329349},"size":4.201402187347412,"orthographic":false}