{"cameraMode":{"drawMode":0,"name":"Shaded","section":"Shading Mode"},"sceneLighting":true,"audioPlay":false,"sceneViewState":{"showFog":true,"showMaterialUpdate":false,"showSkybox":true,"showFlares":true,"showImageEffects":true,"showParticleSystems":true},"in2DMode":false,"pivot":{"x":39.35188674926758,"y":11.444595336914063,"z":11.609817504882813},"rotation":{"x":0.1259039342403412,"y":0.13614238798618318,"z":-0.014556762762367726,"w":0.9835924506187439},"size":24.585683822631837,"orthographic":false}