{"cameraMode":{"drawMode":0,"name":"Shaded","section":"Shading Mode"},"sceneLighting":false,"audioPlay":false,"sceneViewState":{"showFog":true,"showMaterialUpdate":false,"showSkybox":false,"showFlares":true,"showImageEffects":true,"showParticleSystems":true},"in2DMode":false,"pivot":{"x":33.03333282470703,"y":12.914444923400879,"z":9.14077091217041},"rotation":{"x":-0.1659599393606186,"y":-0.304827481508255,"z":0.04814830794930458,"w":-0.9376237988471985},"size":6.87222146987915,"orthographic":false}