{"cameraMode":{"drawMode":0,"name":"Shaded","section":"Shading Mode"},"sceneLighting":true,"audioPlay":false,"sceneViewState":{"showFog":true,"showMaterialUpdate":false,"showSkybox":false,"showFlares":true,"showImageEffects":true,"showParticleSystems":true},"in2DMode":false,"pivot":{"x":36.899253845214847,"y":10.887713432312012,"z":10.241013526916504},"rotation":{"x":-0.019598398357629777,"y":-0.16292592883110047,"z":-0.002431238768622279,"w":-0.9874130487442017},"size":4.853918075561523,"orthographic":false}