{"cameraMode":{"drawMode":0,"name":"Shaded","section":"Shading Mode"},"sceneLighting":false,"audioPlay":false,"sceneViewState":{"showFog":true,"showMaterialUpdate":false,"showSkybox":false,"showFlares":true,"showImageEffects":true,"showParticleSystems":true},"in2DMode":false,"pivot":{"x":-0.5621657967567444,"y":0.19480390846729279,"z":-0.4482435882091522},"rotation":{"x":0.00008193507528631017,"y":-0.9974710941314697,"z":-0.0011879814555868507,"w":-0.0713355764746666},"size":3.4487810134887697,"orthographic":false}