{"cameraMode":{"drawMode":0,"name":"Shaded","section":"Shading Mode"},"sceneLighting":false,"audioPlay":false,"sceneViewState":{"showFog":true,"showMaterialUpdate":false,"showSkybox":false,"showFlares":true,"showImageEffects":true,"showParticleSystems":true},"in2DMode":false,"pivot":{"x":-1.5980063676834107,"y":-0.13530467450618745,"z":1.4462065696716309},"rotation":{"x":0.106010302901268,"y":-0.4209434688091278,"z":0.049605175852775577,"w":0.8995212912559509},"size":4.499957084655762,"orthographic":false}