{"cameraMode":{"drawMode":1,"name":"Wireframe","section":"Shading Mode"},"sceneLighting":true,"audioPlay":false,"sceneViewState":{"showFog":true,"showMaterialUpdate":false,"showSkybox":false,"showFlares":true,"showImageEffects":true,"showParticleSystems":true},"in2DMode":false,"pivot":{"x":44.015132904052737,"y":10.75259017944336,"z":7.097487449645996},"rotation":{"x":-0.07091662287712097,"y":-0.25879955291748049,"z":-0.019066210836172105,"w":0.9631496667861939},"size":4.506972312927246,"orthographic":false}