{"cameraMode":{"drawMode":0,"name":"Shaded","section":"Shading Mode"},"sceneLighting":true,"audioPlay":false,"sceneViewState":{"showFog":true,"showMaterialUpdate":false,"showSkybox":true,"showFlares":true,"showImageEffects":true,"showParticleSystems":true},"in2DMode":false,"pivot":{"x":34.36434555053711,"y":30.3587703704834,"z":4.782526016235352},"rotation":{"x":0.022033141925930978,"y":-0.9686851501464844,"z":0.11144581437110901,"w":0.22355009615421296},"size":16.664274215698243,"orthographic":false}