{"cameraMode":{"drawMode":0,"name":"Shaded","section":"Shading Mode"},"sceneLighting":true,"audioPlay":false,"sceneViewState":{"showFog":true,"showMaterialUpdate":false,"showSkybox":true,"showFlares":true,"showImageEffects":true,"showParticleSystems":true},"in2DMode":false,"pivot":{"x":35.20637893676758,"y":10.497514724731446,"z":13.587015151977539},"rotation":{"x":0.18902158737182618,"y":0.4321548342704773,"z":-0.08718786388635636,"w":0.8785736560821533},"size":13.438807487487793,"orthographic":false}