{"cameraMode":{"drawMode":0,"name":"Shaded","section":"Shading Mode"},"sceneLighting":false,"audioPlay":false,"sceneViewState":{"showFog":true,"showMaterialUpdate":false,"showSkybox":false,"showFlares":true,"showImageEffects":true,"showParticleSystems":true},"in2DMode":false,"pivot":{"x":4.585329055786133,"y":-0.6929654479026794,"z":3.402099370956421},"rotation":{"x":0.12449398636817932,"y":0.42214900255203249,"z":-0.055336277931928638,"w":0.8971380591392517},"size":11.000615119934082,"orthographic":false}