{"cameraMode":{"drawMode":0,"name":"Shaded","section":"Shading Mode"},"sceneLighting":true,"audioPlay":false,"sceneViewState":{"showFog":true,"showMaterialUpdate":false,"showSkybox":false,"showFlares":true,"showImageEffects":true,"showParticleSystems":true},"in2DMode":false,"pivot":{"x":28.59000015258789,"y":13.589128494262696,"z":13.00999927520752},"rotation":{"x":-0.01422360073775053,"y":-0.8707175254821777,"z":0.02061009407043457,"w":-0.49270081520080569},"size":9.717989921569825,"orthographic":false}