{"cameraMode":{"drawMode":0,"name":"Shaded","section":"Shading Mode"},"sceneLighting":true,"audioPlay":false,"sceneViewState":{"showFog":true,"showMaterialUpdate":false,"showSkybox":false,"showFlares":true,"showImageEffects":true,"showParticleSystems":true},"in2DMode":false,"pivot":{"x":-7.389999866485596,"y":8.733400344848633,"z":-15.902000427246094},"rotation":{"x":0.015063585713505745,"y":0.8940271735191345,"z":-0.020349759608507158,"w":0.44979128241539},"size":22.4707088470459,"orthographic":false}